Name,Description,Price,Plan,Original Price
Depositphotos in Stock photos,Stock up on premium stock images before it's too late,$39,lifetime,$500
GoBrunch in Community builders,"Make your online meetings more fun, engaging, and interactive",$79,lifetime,$870
NeuronWriter in Content marketing,Use semantic recommendations to boost your SEO and plan high-ranking content,$69,lifetime,$750
BannerBoo in Content marketing,Build animated ads for marketing campaigns and social media in minutesâ€”without coding,$49,lifetime,$599
SFTPCloud in Cloud services & hosting,Create managed SFTP/FTPS instances with data stored in the cloud of your choice,$39,lifetime,$598
Castmagic in Audio,"Streamline your podcast production w/ AI: get shownotes, summaries, bios, key topics, quotes & more",$39,lifetime,$480
ZeroWork Creator App in Social media,"Build automated, proprietary TaskBots and sell them in the ZeroWork marketplace",$79,lifetime,$480
Reoon Email Verifier in Email marketing,"The most accurate email validation service that cleans invalid, temporary & unsafe email addresses.",$79,lifetime,$418.50
"Yay Images - 12M+ Royalty-free Stock Photos, Vectors/Graphics & Videos in Stock photos","Unlimited downloads with over 12M stock photos, 2M vectors & 200K videos with flexible licensing",$59,lifetime,$149
Acadle in Customer onboarding,Launch your white-labeled online academy with unlimited courses and content,$79,lifetime,$468
Switchy in Lead generation,Boost engagement and conversions with custom retargeting links,$39,lifetime,"$2,400"
SiteGuru in SEO,Improve and monitor your website's rankings with an actionable SEO todo-list,$69,lifetime,$599
